<?xml version="1.0" encoding="utf-8"?>
<Window size="512,362" sizebox="0,0,0,0" caption="0,0,0,410" bktrans="true">
  <Font id="0" name="微软雅黑" size="12" bold="false" default="true" />
  <Font id="1" name="微软雅黑" size="24" bold="false" default="true" />
  <VerticalLayout bkimage="file='img\shadow_bg.png' corner='12,12,12,12'" inset="12,12,12,12">
    <VerticalLayout>
      <Button name="btnClose" onclick="quit;" float="true" pos="465,12" width="10" height="10" normalimage="file='img\btn_close.png' source='0,0,10,10'" hotimage="file='img\btn_close.png' source='10,0,20,10'" pushedimage="file='img\btn_close.png' source='20,0,30,10'" />
      <Label padding="0,100" textColor="#0b88fc" text="拖放*.xml文件到窗口打开" Font="1" align="center" valign="center"/>
      <Label padding="0,40" textColor="#0b88fc" text="F5刷新、Delete退出" Font="1" align="center" valign="center"/>
    </VerticalLayout>
  </VerticalLayout>
</Window>
